author,age,upvotes,downvotes,sentiment,sentiment_score,text_clean,source_csv
Informal-Sand583,2y,18.0,,positive,0.916033923625946,"I think it's not talked about a lot because it's not really common yet. I personally have 2 solid perfumes and I absolutely love them ! It's easy to reapply them without bothering anyone, and I feel like its easier to control the quantity of perfume I put on. It projects less but I actually like that because that way I can smell my perfume and I'm sure it won't annoy other people (so perfect to wear around people who don't like perfumes). I feel like it lasts long, and it's great for layering, it can be used as a base to make other perfumes last longer.",solid_perfumes.sentiment.csv
bluebellheart111,2y,13.0,,positive,0.9578246474266052,"I have had 2 diptyque solids and they do a good job lasting. The 34 blvd st Germaine really lasts, and as a solid it’s super easy to reapply anywhere. Cute container too.",solid_perfumes.sentiment.csv
scramblered,2y,6.0,,positive,0.8988896608352661,"I have the Eau Capitale solid from Diptyque and feel the same way. It’s a great way to re-up basically any similar rose fragrance I’m wearing throughout the day, if needed. I have the EDP of Eau Capitale, as well, and find that I don’t really need to reapply that one (it lasts a long time for me), so I end up mixing the solid with other scents more frequently. The solid works well enough on its own, though, too.",solid_perfumes.sentiment.csv
Hot-Statistician2916,2y,2.0,,positive,0.5239216089248657,"Long time ago SA gave me small sample of Volutes solid, it was incredibly long lasting and the smell really euphoric! Such a shame they dont have Volutes as a solid anymore !",solid_perfumes.sentiment.csv
GlennOftheDesert,2y,19.0,,negative,0.7886614799499512,"Mostly the problem is that they don't last very long, and that they are best as linear fragrances (I think the lack of ethanol doesn't quite lend itself to the scent doing much developing, but I may be wrong about that). They are often quite similar to fragrance oil, which also have the same issue of just not lasting quite as long as a traditional perfume.",solid_perfumes.sentiment.csv
[deleted],2y,8.0,,positive,0.9579504132270812,I have Elizabeth and James nirvana BLACK in solid. And I love it. It makes me feel like a classy Victorian lady on the titanic about to be drown with the love of my life.,solid_perfumes.sentiment.csv
gorosheeta,2y,2.0,,neutral,0.6849923133850098,Spreadsheeter Is that the one that comes in a cool black compact?,solid_perfumes.sentiment.csv
Spiritofpoetry55,2y,6.0,,positive,0.9791892766952516,I make and buy my solid perfumes a lot. Love them,solid_perfumes.sentiment.csv
rumncoco86,2y,5.0,,neutral,0.5439611077308655,"My problem is, solid perfume isn't readily available where I am. I could find it anywhere as a pre-teen and young teen in the 90s. For me, along with oils, solids have better longevity. If I could find a suitable skin-safe and perfume-safe blend of carrier balms and waxes, I'd make my own using the perfume sprays.",solid_perfumes.sentiment.csv
pwnkage,2y,4.0,,neutral,0.6692325472831726,"I only travel with solid perfumes! I have this brand called Aroamas handmade in Sydney where I live. I bought a bunch ages ago, they seem to be on Etsy and Insta, but are currently closed. https://www.etsy.com/au/shop/AROAMAS",solid_perfumes.sentiment.csv
chinchillacheesedog,2y,4.0,,negative,0.5713968276977539,full bathtub worthy Not for me because I like to apply partially on my clothes. Always do a bit on clothes and a bit on skin. The solid ones I tried also had virtually no projection. And I’d be worried that the carrier would go rancid with time - with alcohol I know I’ll have decades before stuff goes off.,solid_perfumes.sentiment.csv
esoteric_psyche,2y,4.0,,positive,0.9411727786064148,"I love them along with oil perfumes! My favourite is Lust from Lush. I personally did not like the perfume version since it's so strong. The solid perfume is perfect. Someone near me can smell it, I can smell it but not in a headache or fill up the room way. Subtle and long lasting to me. It's a preference truly.",solid_perfumes.sentiment.csv
FrutyPebbles321,2y,3.0,,positive,0.8965573310852051,"Profile Badge for the Achievement Top 1% Commenter Top 1% Commenter I love solid perfumes for layering or for bringing out a certain note in a perfume. For instance, I love Elizabeth and James Nirvana Bourbon. Sometimes I want to amp up the tuberose note in that fragrance so I layer it with a solid tuberose perfume. Other times I want the bourbon vanilla to be the star, so I layer it with a vanilla solid perfume. I think solid perfumes are the perfect way to customize a scent.",solid_perfumes.sentiment.csv
FireRescue3,2y,3.0,,positive,0.9330123662948608,I love to travel with them because there is no danger of them breaking or spilling.,solid_perfumes.sentiment.csv
nochnoyvangogh,2y,2.0,,negative,0.8331978917121887,"""is that incense?"" The only bad thing is the lasting power. Even the lush ones, which are the only ones available in my zone, don’t last that much",solid_perfumes.sentiment.csv
[deleted],2y,2.0,,negative,0.503570556640625,"Tried a few - duke cannon, olivina, kappa .. they are all skin scents with barely any projection or longevity.",solid_perfumes.sentiment.csv
Fahggy1410,2y,2.0,,neutral,0.6808229088783264,"I tried a few and they don’t last long , i just use them for layering",solid_perfumes.sentiment.csv
Furmaids,2y,2.0,,neutral,0.7435248494148254,"If it came like lip balm I'd be willing to try a known brand, but I've mostly seen them in the old tins",solid_perfumes.sentiment.csv
truthfulie,2y,2.0,,neutral,0.6417816281318665,I like the idea of being able to reapply without spraying. But the availability is rather limited for me to really consider it an option. Similar story with rollers.,solid_perfumes.sentiment.csv
Affectionato2,2y,2.0,,positive,0.9621763825416564,"Love them!!! I wore a lot of Lust by Lush back in the day and I was really surprised that solid perfumes weren’t more widely available. Plus, you can put solid perfume in lockets",solid_perfumes.sentiment.csv
assplower,2y,2.0,,negative,0.8555403351783752,"They’re not for me. They don’t seem to project at all nor last very long, and personally I haven’t found many scents I enjoy out that come in solid form anyway.",solid_perfumes.sentiment.csv
moth-peach,5y,74.0,,negative,0.7678297758102417,It's a no from me dawg. I've had high end and low end and no matter what there's no projection and you feel waxy and sticky,solid_perfumes_thread.sentiment.csv
sunandcitrus,5y,14.0,,positive,0.6958314180374146,"Ive made my own a few times when I've had a specific scent in mind using essential oils, caster oil and beeswax then poured it into a clean, empty lipstick tube. It worked a lot better than the solid perfumes i've bought in the past but still didn't have as much projection and wasn't as long lasting as a normal perfume",solid_perfumes_thread.sentiment.csv
Abyss_staring_back,5y,3.0,,neutral,0.7307944893836975,I make mine as well.,solid_perfumes_thread.sentiment.csv
WorshipNickOfferman,5y,3.0,,positive,0.8993088603019714,Several years back I grew out a big-ass mustache and started making my own mustache wax. It was fun.,solid_perfumes_thread.sentiment.csv
Tansy_Blue,5y,12.0,,positive,0.6150907278060913,"I have Vanillary from Lush in solid form and it's okay! I agree it has no projection but that's okay for me, I wear it only to study in so it's not an issue. It's definitely much more annoying to apply than liquid perfume though - liquid two sprays and I'm done, with the solid one I have to rub my finger round a bit to get a good amount and then smear it all over my wrist and then do the same again for the other wrist. Tedious.",solid_perfumes_thread.sentiment.csv
[deleted],5y,12.0,,neutral,0.4712908267974853,"I like them, provided they are executed well, but that’s true of any fragrance. The “grooming” brand stuff you find at TJ Maxx (Cremo or Duke Cannon, for instance) is not worth it, but the stuff from actual fragrance houses is solid (pun intended). There are a few grooming-type brands that do them well (Fulton & Roark come to mind), but you’re going to pay a bit more. Overall, I think one has to temper expectations. Is projection going to be stratospheric? No, but that’s the point. Will the carrier ingredients impart some additional aroma? Probably, though it’s minor and I enjoy the additional nuances. Will you have to pay a bit more for a quality solid? Yeah, but that’s typically true of liquid fragrances as well. Overall, if you are interested in trying them, I’d say start with a brand you already enjoy and seek out their solids, if available. Sometimes it’s fun to sit in the cheap seats, but for your first ballgame, treat yourself so you know what to expect.",solid_perfumes_thread.sentiment.csv
mothmouths,5y,11.0,,positive,0.9636637568473816,"My first solid perfume made me fall in love. I love that I can apply in public without choking people out, it helps my anxiety a lot. Karma is the strongest projection of any of the Lush solids, in my opinion. Sillage and longevity: Karma, Lust, Ginger, 1000 Kisses Deep, Pansy, Junk Scent complexity: Junk, 1000 Kisses, Lust, Pansy, Karma, Ginger I made a third ranking for longevity and it was exactly the same as the silage/projection order. I really want to try Rose Jam.",solid_perfumes_thread.sentiment.csv
owltreat,5y,3.0,,positive,0.9083058834075928,"I really want to try Rose Jam. Rose Jam is the scent that got me into fragrances. Love it so much. Honestly I would wear it all the time but I'm afraid of going nose blind with it, so basically I'm just trying to find other fragrances I like to fill in the gaps between wearing Rose Jam. As to the original question, I'm pretty sensitive to fragrances (for the longest, I thought all of them gave me headaches because so many do), and while the sillage on solids are not as strong as a lot of alcohol-based perfumes, I can still smell it and actually tend to prefer it to not be as strong because I know others can be sensitive to fragrances I love and I don't want to blast the block with it. My husband can smell solids on me when we're in a car together or sitting closely, and his nose isn't great which indicates to me that the sillage is not actually horrible. Rose Jam could be stronger, and doesn't last as long as I'd like, but my Relentless solid seems stronger and lasts forever. I'm wearing an EDP right now and it seems on par with my solids, but maybe that's because I tend to apply a small amount anyway, or it's just not as strong of an EDP.",solid_perfumes_thread.sentiment.csv
[deleted],5y,2.0,,positive,0.9028134942054749,i love lush too and i agree with u!! im always worried about being choking others lol so solids are my compromise to indulge in the scent and know that it's not killing anyone 😂 and its tiny to bring out! (PS kinda sad that lush raised their prices this year),solid_perfumes_thread.sentiment.csv
flottadreen,5y,21.0,,neutral,0.4787182807922363,I bought a Cremo Bergamot & Musk solid cologne on Amazon in 2020 for about $12 and wore it a few times before tossing it in the trash. It had almost zero projection and lasted maybe an hour or two before fading into oblivion.,solid_perfumes_thread.sentiment.csv
TheGeneGeena,5y,22.0,,positive,0.5358752012252808,"I like the idea of solid perfumes? I have a sort-of tonka and fruity thing from one of Notoriously Morbid's bags (that I've lost on my side table at the moment so I lack the exact name, but it was was from the ""Rolling with the Weirdos"" Vanishing Cabinet) that lasts a fairly decent amount of time, especially for a solid. I like the ""chapstick tube"" application as opposed to sticking my finger in it as well. I just... don't especially love this particular scent. It's just a little too sweet.",solid_perfumes_thread.sentiment.csv
[deleted],5y,14.0,,positive,0.8448370099067688,"Ooh, a stick sounds way better than those little pots! But I still prefer to spray perfume for hygiene reasons.",solid_perfumes_thread.sentiment.csv
Green_and_Silver,5y,6.0,,negative,0.6867417693138123,Encre Noire Addict I like the idea of them too but the two I've tried in my lifetime left me disappointed. Makes me wonder where the advancements and improvements are because the product sorely needs it.,solid_perfumes_thread.sentiment.csv
TheWaywardTrout,5y,9.0,,neutral,0.5216036438941956,"I don't hate. The sillage is analagous to an oil and if you are sensitive to alcohol, I think they're your best bet. The little pots where you stick your finger in are junk, though. It's easy to buy some empty lip balm tubes, melt it down, and repackage. I will take a solid over a roller ANY DAY. You just have to manage your expectations on the sillage. As for lasting power, I personally find that depends heavily on the base. Scents that use carnauba wax seem to be the best IME. I suspect because of the higher melting point.",solid_perfumes_thread.sentiment.csv
omgforeal,5y,5.0,,positive,0.7526041865348816,Lol I was literally gonna make a post like this as I was thinking about my lush solid i got as a gift a few years back. I guess I was just curious about how it works and why perfumes choose spray vs solids etc etc. I have a spray and solid from lush (My mom used to work there so she gifted me a lot of product) and they’re both long lasting and I enjoy the fragrance- it’s funny because they get a lot of crap for fragrance in all their products (that don’t need fragrance) but fragrance is what they’re good at. I’ve found that antique and vintage solid fragrance lasts forever.,solid_perfumes_thread.sentiment.csv
xVarekai,5y,5.0,,neutral,0.4838863909244537,"I had no idea that solid perfumes were disliked at all but it makes sense based on the concerns of people who have commented here. Namely the application (having to use your hands, greasy texture) and low fragrance projection. Absolutely makes sense. But I had to check because I kind of stumbled on a something very similar in the form of a fragranced hand salve that I love so much that I use it almost like a solid perfume. I love rubbing it into my chest so that my body heat warms it and brings the scent up to my nose, and because it's in a salve formula that was made with skin-friendly ingredients it also has nourishing and hydrating benefits. That said, the projection is low, almost intimate, which personally I enjoy because I tend to like to keep my scent quite personal but that's is definitely not the majority and most people want more scent payoff. Admittedly, I wouldn't be mad if this salve had just a bit more oomph to it in the fragrance department. So I think it can really depend on the product and what you prefer as far as performance, but I'll also be keeping in mind the very valid observations about actual solid perfumes that are intentionally made for that purpose. Theres a few I've always been curious about and now I know to go in with different expectations.",solid_perfumes_thread.sentiment.csv
gothism,5y,3.0,,neutral,0.7287580370903015,Serious q and not snark: what is the point behind them? That you have better control over the amount you apply?,solid_perfumes_thread.sentiment.csv
RedcarUK,5y,6.0,,neutral,0.5226571559906006,"They are more popular in France from my experience. You put them on the pulse points of wrist and neck and the warm of your skin heats up the oils and projects slightly, hence they are used for intimate dates when your partner gets up close and personal. There’s a reason why one of the Lush solids is Lust...",solid_perfumes_thread.sentiment.csv
[deleted],5y,3.0,,negative,0.5336887240409851,"I tried them cause they’re more lightweight, smaller, and less likely to spill (I travel/hike a lot) But yeah the ones I have are suck",solid_perfumes_thread.sentiment.csv
snorgasm,5y,3.0,,positive,0.967136025428772,"I have a little perfume stick from Sabe Masson I keep in my purse. The packaging is wonderful and the scent lasts a few hours, not much projection. It's a nice pick me up and has yet to melt in the Texas heat.",solid_perfumes_thread.sentiment.csv
Abyss_staring_back,5y,3.0,,positive,0.877116322517395,I am a fan. Though I prefer a stick form over the little pots or tins.,solid_perfumes_thread.sentiment.csv
moonlitmelody,5y,3.0,,positive,0.7250429391860962,"Edited 5y ago I love solid perfumes. I make a few variations of beeswax/oil, cetyl alcohol/oil, and paraffin wax/oil. Some fragrance oils like Lovespell will throw for days but some will be nearly undetectable because they're flattened by the wax. Certain notes will throw better than others, namely the basenotes and some of the middle notes, but it's really hard to get some of the lighter top notes to work for me. Something I've wanted to try but I don't have the machinery to do without catching myself on fire is to create the more traditional type of solid perfume with perfumer's alcohol. Because of the high amount of alcohol and low amount of wax it will actually project the scent as it evaporates and I find that the notes aren't flattened as much by the wax. A popular example of this type are the solid colognes by Fulton and Roark.",solid_perfumes_thread.sentiment.csv
moonlitmelody,5y,2.0,,neutral,0.5231420397758484,"Ingredients matter too. Beeswax is tacky, paraffin can cause a film, but cetyl alcohol melts into the skin and leaves almost nothing behind so when you read the ingredients you can get an idea of how it might react. This isn't the end all be all because a well formulated product shouldn't leave you sticky or waxy but it can be enlightening to look at the products you've tried and troubleshoot why they might not have worked for you.",solid_perfumes_thread.sentiment.csv
[deleted],5y,2.0,,positive,0.9613606333732604,"i have the solid version of lust by lush, and i adore it! i find that the projection is quite good actually, but maybe i apply more than most when it comes to solids. whenever i wear this, my friends always ask what i'm wearing haha. but it only projects for a couple of hours before disappearing for the most part, sadly..",solid_perfumes_thread.sentiment.csv
Neck99,5y,2.0,,positive,0.7796486020088196,"I've owned two, Palmetto and Blue Ridge, both from Fulton and Roark. They were the first two fragrances I bought. When I was first getting into fragrance, I was too worried about over projecting (I was in high school, so I really didn't want to be ""the cologne guy""), so the solid colognes seemed like a good choice. I absolutely loved the smell of both of them. One weird thing I noticed was that after a few weeks the Palmetto seemed to take on a metallic smell (probably because it came in a metal case, but I thought it odd). Now that I use spray on colognes, the solid ones really don't have enough projection for me. They had good longevity, but almost zero projection. I'm sure this low projection would work well for some fragrances (like the one you're describing), but for me it just wasn't enough. I think solid fragrance can be a great way to get started, especially if you're worried about over projecting. Other than that, though, I just don't think they project enough.",solid_perfumes_thread.sentiment.csv
numberthangold,5y,2.0,,positive,0.7511219382286072,"I have a lot from Lush. They’re a nice way to try out the scents on your skin and if you want to wear a scent that is strictly just for you to smell, they’re great for that. All of them have horrible lasting power and don’t project at all and I would not put just a solid perfume on before going out anywhere.",solid_perfumes_thread.sentiment.csv
thetwilighttale,5y,2.0,,positive,0.7675338983535767,"I’ve only ever used Dirty from lush, it’s not bad for a solid perfume. It’s nice and fresh smelling...I usually only use it when traveling since it always manage to have mishaps with atomizers and rollers.",solid_perfumes_thread.sentiment.csv
squeakytea,5y,2.0,,positive,0.6781939268112183,I have Lord of Misrule solid from Lush and it smells awesome but it doesn't last and also makes my skin green,solid_perfumes_thread.sentiment.csv
trillnoel,5y,2.0,,positive,0.7173223495483398,"Making perfumes is fun I intend to make them as a support for my perfumes but, even as a perfumer, I must admit they have little success alone. Provides a moisturizing baze to hold a fragrance longer. Can aid in boosting presence of same scent.",solid_perfumes_thread.sentiment.csv
[deleted],5y,1.0,,negative,0.915928304195404,"No thanks, it doesn't last and you have to wash your hands after applying which is just wasteful imo. :/",solid_perfumes_thread.sentiment.csv
islandgirl_94,5y,1.0,,negative,0.7849036455154419,Waste of money. I'll take a roll on before a solid perfume and I avoid roll ons.,solid_perfumes_thread.sentiment.csv
Corgi_Successful,5y,1.0,,negative,0.6085846424102783,"I had one small compact from Coty when I was in middle school and it had four fruity solid perfumes...i prefer a spray, I don’t like roll ons for sure!",solid_perfumes_thread.sentiment.csv
laconfidential91,5y,-1.0,,negative,0.714216947555542,Horrible,solid_perfumes_thread.sentiment.csv
TallFriendlyGinger,5y,1.0,,positive,0.7254393100738525,"I have Karma from Lush and I really like it. I don't wear it when I want to smell strongly, but I put it over my pulse points, areas where I know my body heat will react to it. I can smell it on myself and if anyone is close to me they can too. It works well for the environments I wear it to, like festivals or outdoors events. It feels more of a natural way to wear fragrances. I wouldn't use it everyday, for the office or special events etc, solid perfumes aren't really suitable for those I think.",solid_perfumes_thread.sentiment.csv
poor_couture,5y,1.0,,neutral,0.700920045375824,I made my own a few times. Even then there's no projection. I use them as a base for sprays now.,solid_perfumes_thread.sentiment.csv
gwinnsolent,5y,1.0,,negative,0.7252066731452942,"They are great in theory. But, the performance is never good. I own solids from Lush and Diptyque and I use them to layer under the matching spray. It seems to extend longevity.",solid_perfumes_thread.sentiment.csv
ShataraBankhead,5y,1.0,,positive,0.8358893990516663,"I like solids, but I haven't used them very often in the past. However, I found a nice scent recently, by TonyMoly. Very inexpensive, and it is actually in a lip balm type container. It's nice, pleasant, and not overwhelming (I am a RN, so I can't have anything strong at work). I bought the Juicy Bunny scent.",solid_perfumes_thread.sentiment.csv
ChicPanda_,5y,1.0,,positive,0.844614565372467,White Florals have my heart I love the idea of them but I tend to forget about mine because it’s such a hassle to use (Lust x Lush). I think it’s great for travel! And it’s good for nights out on the go to touch up fragrance (after washing hands). But using it on its own doesn’t fare great results for me.,solid_perfumes_thread.sentiment.csv
[deleted],5y,1.0,,positive,0.9848082065582277,I had a quad from melange perfumes and they smelled incredible! I’ve tried a few solids and these ones were the best by a landslide.,solid_perfumes_thread.sentiment.csv
GlowingGaucha,5y,1.0,,positive,0.7010103464126587,"I have the fresh as and rentless solids from Lush and they’re just okay. Fresh as barely lasts an hour unless I load tons of it on the ends of my hair. Rentless has decent longevity, so it’s a good option, especially because my family’s commented on how strong the liquid is even with just one spray. I really don’t like those tiny tubs though. I’ve seen pictures of the old packaging that looked like a lip balm, and I think I would definitely prefer that. Community Info Section r/fragrance Join Fragrance Discussions for all Genders r/fragrance is an inclusive, adult community for discussing finished retail perfumes and other scented personal and home-care products. • Posts asking for recommendations, shopping advice, and how to wear tips are restricted to the daily thread -- read rules before posting. • See the WIKI for information about how to use fragrance and where to buy it. Show more Created Mar 11, 2011 Public 645K Fragrant Subscribers 8K Weekly contributions User flair The_MO_Transporter Community Bookmarks JOIN OUR DISCORD USER SURVEY RESULTS r/fragrance WIKI Post Guidelines r/fragrance Rules 1 Restricted by Popular Demand - A & B 2 Restricted by Popular Demand - C & D 3 Collection Posts 4 No Sales, Marketing, or Promotion 5 No medical advice or health questions 6 No Slurs, Bigotry, Harassment, or Trolling 7 Focus on Fragrance 8 Titles, Content, and Tagging 9 Contacting Moderators 10 User Bans 11 Negative Karma 12 Respect & Safety Helpful links Online Retailers, Beginner Guide, Glossary, Books WIKI WIKI JOIN OUR DISCORD JOIN OUR DISCORD HOW TO POST PHOTOS HOW TO POST PHOTOS WHERE TO SELL YOUR STUFF WHERE TO SELL YOUR STUFF HOW TO REPORT SPAM DMs HOW TO REPORT SPAM DMs Where To Buy? Where To Buy? Legit or Counterfeit? Legit or Counterfeit? Concentrations, etc. Concentrations, etc. Beginner's Guide Beginner's Guide MACERATION vs. AGING MACERATION vs. AGING Filter by Flair SOTD Daily Discussion USER PICKS emoji:snoo_hearteyes: REVIEW emoji:snoo: HOUSEKEEPING Show & Tell Weekend Moderators Message Mods u/wakeup_andlive 🧡🤍💖 emoji:rainbowracc: (no chat requests) u/DayleD u/tasteslikechikken emoji:bottle_kiss: People Vary munkdunkscreecher u/SpoiledGoldens EGOISTE! u/CleanPontious Flair Bandit MIK u/hammong u/RxDocMaria u/Solution-Proof ...Try before you buy, ffs emoji:karma: Party Gator u/Deathandblackmetal King Kouros u/jomza Jomza 🌸 View all moderators Reddit Rules Privacy Policy User Agreement Accessibility Impressum Reddit, Inc. © 2026. All rights reserved. Collapse Navigation Could not connect to the reCAPTCHA service. Please check your internet connection and reload to get a reCAPTCHA challenge.",solid_perfumes_thread.sentiment.csv
